features,model,cv,accuracy_mean,accuracy_std,f1_mean,f1_std,roc_auc_mean,roc_auc_std,n_subjects
demo,dummy,stratified,0.5373,0.0026,0.0,0.0,0.5,0.0,871
demo,logreg,stratified,0.5316,0.0171,0.4758,0.0541,0.5316,0.0468,871
demo,linear_svm,stratified,0.5327,0.0128,0.4825,0.0459,0.5311,0.0474,871
demo,rbf_svm,stratified,0.5075,0.0361,0.4585,0.0319,0.4932,0.0445,871
range,logreg,stratified,0.5832,0.0199,0.5456,0.0196,0.5969,0.0166,871
range,linear_svm,stratified,0.5832,0.0202,0.5469,0.0161,0.5973,0.017,871
range,rbf_svm,stratified,0.5833,0.0274,0.5466,0.0332,0.6195,0.0247,871
range+demo,logreg,stratified,0.5626,0.022,0.5371,0.0326,0.5937,0.0285,871
range+demo,linear_svm,stratified,0.5568,0.0192,0.5326,0.0317,0.5923,0.0293,871
range+demo,rbf_svm,stratified,0.574,0.0246,0.5332,0.027,0.5886,0.0221,871
demo,dummy,site,0.5372,0.0543,0.0,0.0,0.5,0.0,871
demo,logreg,site,0.4809,0.0192,0.5405,0.0708,0.4992,0.018,871
demo,linear_svm,site,0.4798,0.0207,0.5419,0.071,0.4992,0.018,871
demo,rbf_svm,site,0.5418,0.0461,0.0815,0.1631,0.5175,0.03,871
range,logreg,site,0.5685,0.0296,0.5523,0.0552,0.5905,0.0115,871
range,linear_svm,site,0.5639,0.0308,0.5484,0.06,0.5901,0.0126,871
range,rbf_svm,site,0.5688,0.0553,0.5619,0.0708,0.6019,0.0354,871
range+demo,logreg,site,0.5686,0.0253,0.5382,0.0368,0.5959,0.016,871
range+demo,linear_svm,site,0.5708,0.0256,0.542,0.0344,0.5956,0.0164,871
range+demo,rbf_svm,site,0.5606,0.0447,0.5359,0.0641,0.6078,0.0405,871
correlation,logreg,stratified,0.6659,0.0204,0.634,0.0294,0.7318,0.023,871
correlation,linear_svm,stratified,0.6682,0.0169,0.6476,0.0215,0.7326,0.0202,871
correlation,rbf_svm,stratified,0.6624,0.0308,0.6187,0.0432,0.7153,0.022,871
correlation+demo,logreg,stratified,0.6625,0.02,0.6308,0.0283,0.7326,0.022,871
correlation+demo,linear_svm,stratified,0.6671,0.0169,0.6461,0.0195,0.733,0.0196,871
correlation+demo,rbf_svm,stratified,0.6647,0.0317,0.6221,0.0443,0.7161,0.0219,871
correlation,logreg,site,0.6845,0.0412,0.6685,0.0422,0.7382,0.0393,871
correlation,linear_svm,site,0.673,0.0442,0.6651,0.0497,0.737,0.041,871
correlation,rbf_svm,site,0.6684,0.056,0.6336,0.0481,0.7245,0.0488,871
correlation+demo,logreg,site,0.6845,0.0431,0.6686,0.0438,0.7383,0.0394,871
correlation+demo,linear_svm,site,0.673,0.0442,0.6651,0.0497,0.7369,0.041,871
correlation+demo,rbf_svm,site,0.6684,0.0561,0.6347,0.0465,0.7245,0.0492,871
tangent,logreg,stratified,0.6854,0.0275,0.642,0.0387,0.7385,0.0249,871
tangent,linear_svm,stratified,0.6773,0.0227,0.6604,0.0293,0.7398,0.0251,871
tangent,rbf_svm,stratified,0.6693,0.0102,0.5711,0.0306,0.734,0.0205,871
tangent+demo,logreg,stratified,0.6854,0.0295,0.6394,0.0388,0.7385,0.024,871
tangent+demo,linear_svm,stratified,0.675,0.0213,0.6581,0.0277,0.7398,0.0243,871
tangent+demo,rbf_svm,stratified,0.667,0.0105,0.5683,0.0288,0.7338,0.0198,871
tangent,logreg,site,0.6688,0.0567,0.6402,0.0527,0.745,0.0435,871
tangent,linear_svm,site,0.6745,0.0548,0.6652,0.0557,0.7432,0.0432,871
tangent,rbf_svm,site,0.6294,0.0562,0.5299,0.0838,0.7352,0.0406,871
tangent+demo,logreg,site,0.6687,0.0534,0.6388,0.0518,0.7451,0.0433,871
tangent+demo,linear_svm,site,0.6642,0.0581,0.6529,0.0499,0.7405,0.0439,871
tangent+demo,rbf_svm,site,0.6294,0.0562,0.5299,0.0838,0.7353,0.0404,871
timeseries,cnn,stratified,0.6337,0.0283,0.6129,0.0525,0.7047,0.0395,871
timeseries,cnn,site,0.643,0.0257,0.6411,0.0545,0.6945,0.0257,871
